player_id,player_name,player_state,summed_minutes_played,form,fdr,pts_irf,opp,player_position,player_cost,gwk_34_pts
1,Fernandes,100,449.0,3.00,4,3.00,"LIV ",MID,11.5,0
2,Kane,100,360.0,6.80,2,9.00,"SHU ",FWD,11.8,2
3,Salah,100,379.0,5.60,4,3.00,"MUN ",MID,12.6,0
4,Son,100,315.0,4.00,2,5.00,"SHU ",MID,9.5,12
5,Bamford,100,365.0,4.00,3,2.00,"BHA ",FWD,6.5,1
6,Martínez,100,450.0,2.40,3,2.70,"EVE ",GKP,5.4,2
7,Vardy,100,444.0,5.80,2,2.00,"SOU ",FWD,10.3,2
8,Rashford,100,400.0,4.40,4,2.00,"LIV ",MID,9.6,0
9,Dallas,100,450.0,5.60,3,2.00,"BHA ",DEF,5.2,1
10,Watkins,100,450.0,5.40,3,4.20,"EVE ",FWD,6.6,8
11,Gündogan,100,212.0,0.80,3,8.00,"CRY ",MID,5.8,0
12,Meslier,100,450.0,4.20,3,0.00,"BHA ",GKP,4.7,2
13,Calvert-Lewin,100,270.0,2.00,2,2.00,"AVL ",FWD,7.5,8
14,Sterling,100,207.0,1.60,3,8.00,"CRY ",MID,11.1,3
15,Mané,100,355.0,4.60,4,3.00,"MUN ",MID,11.7,0
16,Ederson,100,450.0,3.20,3,6.00,"CRY ",GKP,6.1,7
17,Pope,100,270.0,2.00,4,2.00,"WHU ",GKP,5.5,1
18,Cresswell,50,232.0,0.20,2,8.00,"BUR ",DEF,5.7,2
19,Mount,100,393.0,4.20,2,11.00,"FUL ",MID,7.3,6
20,Dias,100,344.0,3.00,3,11.00,"CRY ",DEF,6.1,0
21,Mahrez,100,227.0,4.60,3,0.00,"CRY ",MID,8.0,0
22,Wan-Bissaka,100,450.0,3.80,4,6.00,"LIV ",DEF,5.7,0
23,Harrison,100,337.0,5.60,3,2.00,"BHA ",MID,5.4,2
24,Ward-Prowse,100,450.0,3.80,4,2.00,"LEI ",MID,5.8,10
25,Pereira,100,404.0,8.80,2,15.00,"WOL ",MID,5.5,2
26,Soucek,100,450.0,2.80,2,2.00,"BUR ",MID,5.3,2
27,Grealish,0,0.0,0.00,4,7.00,"MUN ",MID,7.5,0
28,Robertson,100,420.0,4.40,4,6.00,"MUN ",DEF,7.1,0
29,Lloris,100,450.0,3.20,2,3.00,"SHU ",GKP,5.6,6
30,Bowen,100,390.0,6.60,2,3.00,"BUR ",MID,6.0,1
31,"De Bruyne",75,337.0,5.60,2,2.00,"NEW ",MID,11.9,0
32,Alexander-Arnold,75,337.0,5.60,4,2.00,"MUN ",DEF,7.6,0
33,Lacazette,75,337.0,5.60,2,2.00,"NEW ",FWD,8.4,0
34,Barnes,0,0.0,0.00,2,9.00,"SOU ",MID,6.6,0
35,Maddison,100,158.0,1.20,2,9.00,"SOU ",MID,7.3,2
36,Schmeichel,100,450.0,3.20,2,8.00,"SOU ",GKP,5.4,2
37,Johnstone,100,450.0,6.20,2,0.00,"WOL ",GKP,4.5,7
38,Neto,0,211.0,1.60,2,2.00,"WBA ",MID,5.6,0
39,Cancelo,100,244.0,2.80,3,1.00,"CRY ",DEF,5.9,6
40,Maguire,100,450.0,3.60,4,7.00,"LIV ",DEF,5.5,0
41,Patrício,100,450.0,4.20,2,1.00,"WBA ",GKP,5.3,2
42,Stones,0,313.0,2.80,3,21.00,"CRY ",DEF,5.1,0
43,Shaw,100,450.0,4.40,4,8.00,"LIV ",DEF,5.4,0
44,Targett,100,450.0,0.80,3,1.90,"EVE ",DEF,5.0,2
45,Wood,100,450.0,9.00,4,2.00,"WHU ",FWD,6.3,6
46,Mendy,100,360.0,3.20,2,6.00,"FUL ",GKP,5.2,7
47,Zaha,100,405.0,3.60,4,0.00,"MCI ",MID,7.1,2
48,Tielemans,100,450.0,2.40,2,12.00,"SOU ",MID,6.4,2
49,Wilson,100,89.0,0.60,3,2.00,"ARS ",FWD,6.5,2
50,Dunk,100,450.0,4.60,3,8.00,"LEE ",DEF,4.9,8
51,Chilwell,100,270.0,4.00,2,6.00,"FUL ",DEF,5.8,6
52,Foden,100,128.0,2.40,3,1.00,"CRY ",MID,6.0,0
53,Fabianski,100,450.0,2.00,2,6.00,"BUR ",GKP,5.0,2
54,Mings,100,450.0,1.40,3,2.20,"EVE ",DEF,5.4,2
55,Trossard,100,370.0,4.40,3,3.00,"LEE ",MID,5.7,3
56,Areola,100,450.0,1.60,4,3.00,"CHE ",GKP,4.6,2
57,Raphinha,0,270.0,3.20,4,0.00,"LEI ",MID,5.4,0
58,Ings,0,239.0,4.00,4,0.00,"LEI ",FWD,8.4,0
59,Werner,100,220.0,2.40,2,1.00,"FUL ",FWD,9.2,5
60,Guaita,100,450.0,3.00,4,0.00,"MCI ",GKP,4.8,1
61,Adams,100,329.0,4.40,2,3.20,"AVL ",FWD,5.8,2
62,Leno,100,329.0,4.40,2,2.00,"NEW ",GKP,5.0,0
63,Sigurdsson,100,329.0,4.40,2,3.20,"AVL ",MID,6.9,2
64,Firmino,100,331.0,1.40,4,2.00,"MUN ",FWD,9.0,0
65,Aubameyang,100,156.0,0.80,2,15.00,"NEW ",MID,11.3,12
66,Keane,75,360.0,1.80,2,1.90,"AVL ",DEF,5.1,0
67,Azpilicueta,100,355.0,2.80,2,5.00,"FUL ",DEF,5.9,0
68,Richarlison,100,448.0,2.60,2,2.30,"AVL ",FWD,7.8,2
69,Coufal,100,450.0,2.80,2,6.00,"BUR ",DEF,4.7,7
70,Konsa,100,450.0,1.00,3,2.00,"EVE ",DEF,4.7,2
71,Maupay,100,372.0,3.00,3,9.00,"LEE ",FWD,6.0,2
72,Alisson,100,450.0,4.80,4,10.00,"MUN ",GKP,5.9,0
73,Saka,100,321.0,1.80,2,9.00,"NEW ",MID,5.1,0
74,McNeil,100,450.0,5.40,4,1.00,"WHU ",MID,5.7,2
75,McGinn,100,450.0,3.40,3,3.20,"EVE ",MID,5.5,2
76,Traoré,100,380.0,2.40,3,2.70,"EVE ",MID,5.8,5
77,Jorginho,100,401.0,2.60,2,3.00,"FUL ",MID,4.7,0
78,Aina,100,424.0,2.20,4,2.00,"CHE ",DEF,4.4,0
79,Justin,0,0.0,0.00,2,8.00,"SOU ",DEF,4.8,0
80,Rodríguez,100,343.0,4.60,2,3.30,"AVL ",MID,7.7,0
81,Jesus,100,384.0,4.00,3,2.00,"CRY ",FWD,9.2,2
82,Zouma,100,270.0,2.60,2,0.00,"FUL ",DEF,5.3,5
83,James,100,220.0,2.60,2,0.00,"FUL ",DEF,5.0,6
84,Lookman,100,294.0,2.20,4,1.00,"CHE ",MID,4.8,2
85,Evans,100,450.0,5.60,2,7.00,"SOU ",DEF,5.6,10
86,Coady,100,450.0,3.20,2,1.00,"WBA ",DEF,5.0,2
87,Lindelöf,100,450.0,4.00,2,0.00,"BUR ",DEF,4.8,0
88,Fornals,100,325.0,2.60,2,8.00,"BUR ",MID,5.8,2
89,Eze,100,356.0,2.60,4,2.00,"MCI ",MID,5.8,2
90,Armstrong,100,434.0,3.60,4,2.00,"LEI ",MID,5.5,5
91,Tarkowski,100,382.0,3.60,2,9.00,"SHU ",DEF,5.3,1
92,Ramsdale,100,382.0,3.60,4,3.80,"TOT ",GKP,4.6,2
93,Ndombele,100,382.0,3.60,2,9.00,"SHU ",MID,5.9,0
94,Neves,100,323.0,1.40,2,1.00,"WBA ",MID,5.1,2
95,Mee,100,450.0,2.20,4,2.00,"WHU ",DEF,4.8,0
96,Westwood,100,450.0,3.80,4,2.00,"WHU ",MID,5.3,2
97,Saïss,100,450.0,3.20,2,1.00,"WBA ",DEF,5.0,2
98,Adarabioyo,100,360.0,1.00,4,2.00,"CHE ",DEF,4.5,1
99,White,100,360.0,3.60,3,6.00,"LEE ",DEF,4.5,6
100,Groß,100,426.0,3.00,3,3.00,"LEE ",MID,5.8,8
101,Lowton,100,450.0,2.40,4,2.00,"WHU ",DEF,4.4,1
102,"Bernardo Silva",100,246.0,4.00,3,1.00,"CRY ",MID,7.4,0
103,Bednarek,100,450.0,2.00,4,1.00,"LEI ",DEF,4.7,2
104,Lingard,100,446.0,9.40,2,0.00,"BUR ",MID,6.6,2
105,Semedo,100,410.0,3.60,2,1.00,"WBA ",DEF,5.3,8
106,Sánchez,100,450.0,5.00,3,7.00,"LEE ",GKP,4.6,6
107,Veltman,100,450.0,5.00,3,7.00,"LEE ",DEF,4.4,6
108,Andersen,100,450.0,2.20,4,2.00,"CHE ",DEF,4.5,1
109,Antonio,0,125.0,1.60,2,9.00,"BUR ",FWD,6.4,13
110,Pickford,100,222.0,2.00,2,2.00,"AVL ",GKP,4.8,2
111,Digne,100,450.0,3.00,2,2.50,"AVL ",DEF,6.1,7
112,Castagne,100,450.0,5.60,2,6.00,"SOU ",DEF,5.8,2
113,Iheanacho,100,431.0,10.00,2,1.00,"SOU ",FWD,6.2,5
114,Holding,100,360.0,2.60,2,6.00,"NEW ",DEF,4.2,0
115,Klich,100,51.0,0.80,3,2.00,"BHA ",MID,5.2,2
116,"de Gea",100,0.0,0.00,4,7.00,"LIV ",GKP,5.3,0
117,Alioski,100,438.0,2.80,3,9.00,"ARS ",DEF,4.3,1
118,Almirón,100,430.0,2.60,3,2.00,"ARS ",MID,5.6,1
119,Højbjerg,100,450.0,2.00,2,5.00,"SHU ",MID,4.9,2
120,Bellerín,100,67.0,0.40,2,0.00,"NEW ",DEF,5.0,8
121,Cash,100,366.0,2.40,4,3.00,"LIV ",DEF,5.0,2
122,Wijnaldum,100,366.0,2.40,4,3.20,"MUN ",MID,5.3,0
123,McTominay,100,366.0,2.40,4,3.00,"LIV ",MID,4.9,0
124,Greenwood,100,378.0,7.60,4,1.00,"LIV ",MID,7.1,0
125,Ogbonna,100,180.0,0.60,2,5.00,"BUR ",DEF,4.7,0
126,Walker,100,205.0,1.80,3,6.00,"CRY ",DEF,6.1,0
127,Ayling,100,450.0,2.60,3,1.00,"BHA ",DEF,4.4,0
128,Pogba,100,277.0,3.60,4,3.00,"LIV ",MID,7.6,0
129,McGoldrick,100,333.0,2.60,4,7.00,"TOT ",FWD,5.2,2
130,McCarthy,100,90.0,0.20,4,1.00,"LEI ",GKP,4.4,5
131,"El Ghazi",100,218.0,2.80,3,2.90,"EVE ",MID,5.2,6
132,Vestergaard,100,450.0,1.80,4,0.00,"LEI ",DEF,4.7,-2
133,Walker-Peters,100,446.0,2.20,4,1.00,"LEI ",DEF,4.7,2
134,Rüdiger,100,360.0,4.60,2,8.00,"FUL ",DEF,4.7,0
135,"Thiago Silva",100,118.0,0.60,2,6.00,"FUL ",DEF,5.6,7
136,Rodrigo,100,360.0,3.00,3,0.00,"CRY ",MID,5.3,3
137,Darlow,0,0.0,0.00,3,2.00,"ARS ",GKP,4.9,0
138,Cavani,100,220.0,3.80,4,1.00,"LIV ",FWD,7.9,0
139,"Lucas Moura",100,350.0,4.40,2,1.00,"SHU ",MID,6.7,0
140,Traoré,100,450.0,4.60,2,2.00,"WBA ",MID,6.1,2
141,Tierney,75,135.0,0.40,2,6.00,"NEW ",DEF,5.2,0
142,Townsend,100,96.0,1.00,4,2.00,"MCI ",MID,5.5,2
143,Bertrand,0,360.0,2.80,4,0.00,"LEI ",DEF,5.0,0
144,Benteke,100,419.0,4.20,4,0.00,"MCI ",FWD,5.5,2
145,Rice,0,90.0,0.40,2,3.00,"BUR ",MID,4.7,0
146,Cavaleiro,100,301.0,1.80,4,2.00,"CHE ",MID,5.3,2
147,Jota,100,337.0,5.20,4,4.60,"LIV ",MID,7.1,0
148,Martial,0,0.0,0.00,4,2.00,"LIV ",FWD,8.6,0
149,Reguilón,100,389.0,1.80,2,2.00,"SHU ",DEF,5.6,6
150,Furlong,100,450.0,2.60,2,1.00,"WOL ",DEF,4.5,1
151,"Callum Robinson",100,374.0,3.60,2,2.00,"WOL ",FWD,5.2,1
152,Pépé,100,374.0,3.60,2,0.00,"NEW ",MID,7.6,1
153,Godfrey,100,374.0,3.60,2,2.80,"AVL ",DEF,5.0,1
154,Saint-Maximin,100,205.0,4.20,3,0.00,"ARS ",MID,5.1,2
155,Alderweireld,100,180.0,0.60,2,0.00,"SHU ",DEF,5.4,6
156,Bartley,100,444.0,2.00,2,4.00,"WOL ",DEF,4.4,2
157,Havertz,100,264.0,3.40,2,0.00,"FUL ",MID,8.2,16
158,Kouyaté,100,450.0,2.00,4,0.00,"MCI ",MID,4.8,1
159,Decordova-Reid,100,270.0,0.80,4,1.00,"CHE ",FWD,5.3,2
160,Podence,100,257.0,1.60,2,0.00,"WBA ",MID,5.3,1
161,Taylor,100,237.0,1.40,4,0.00,"WHU ",DEF,4.4,1
162,Pulisic,100,365.0,6.00,2,3.00,"FUL ",MID,8.3,0
163,Holgate,100,432.0,2.80,2,2.40,"AVL ",DEF,4.8,1
164,Doucouré,0,0.0,0.00,2,1.00,"AVL ",MID,5.1,0
165,Dendoncker,100,374.0,3.60,2,1.00,"WBA ",MID,4.6,2
166,Barkley,100,156.0,1.60,3,2.30,"EVE ",MID,5.8,2
167,Webster,100,180.0,1.60,3,5.00,"LEE ",DEF,4.3,6
168,March,0,0.0,0.00,3,3.00,"LEE ",MID,4.9,0
169,Bale,100,92.0,2.20,2,0.00,"SHU ",MID,9.1,21
170,Bissouma,100,450.0,2.60,3,1.00,"LEE ",MID,4.4,3
171,Abraham,100,3.0,0.20,2,1.00,"FUL ",FWD,7.1,1
172,Anguissa,100,297.0,1.40,4,2.00,"CHE ",MID,4.5,2
173,Fofana,100,421.0,3.20,2,0.00,"SOU ",DEF,5.0,1
174,Reed,100,336.0,2.00,4,2.00,"CHE ",MID,4.4,0
175,Walcott,100,227.0,1.80,4,2.00,"LEI ",MID,5.8,0
176,Boly,100,270.0,1.60,2,12.00,"WBA ",DEF,5.4,0
177,Willian,100,28.0,0.40,2,1.00,"NEW ",MID,7.5,3
178,Welbeck,100,438.0,4.20,3,0.00,"LEE ",FWD,5.5,12
179,Ayew,100,408.0,1.80,4,2.00,"MCI ",FWD,5.6,1
180,Mina,100,148.0,0.60,2,1.30,"AVL ",DEF,5.5,0
181,Ndidi,100,270.0,0.80,2,0.00,"SOU ",MID,4.8,2
182,Joelinton,100,270.0,0.80,3,7.00,"ARS ",FWD,5.7,1
183,Aurier,100,270.0,0.80,2,8.00,"SHU ",DEF,5.2,14
184,Moutinho,75,238.0,1.20,2,2.00,"WBA ",MID,5.1,0
185,Xhaka,100,343.0,1.80,2,3.00,"NEW ",MID,5.2,2
186,"Douglas Luiz",100,420.0,1.60,3,2.30,"EVE ",MID,4.8,1
187,Loftus-Cheek,0,246.0,1.60,4,0.00,"CHE ",MID,5.9,0
188,Costa,75,227.0,1.40,3,0.00,"BHA ",MID,5.0,0
189,Fred,100,403.0,3.20,4,3.00,"LIV ",MID,5.3,0
190,Dier,100,270.0,0.80,2,2.00,"SHU ",DEF,4.6,6
191,Maitland-Niles,100,445.0,3.00,2,0.00,"WOL ",DEF,4.6,1
192,Gallagher,100,198.0,0.80,2,0.00,"WOL ",MID,5.5,2
193,Dawson,100,305.0,-0.60,2,6.00,"BUR ",DEF,4.5,1
194,Torres,100,191.0,2.80,3,4.00,"CRY ",MID,6.9,9
195,Townsend,100,450.0,2.20,2,0.00,"WOL ",DEF,4.4,5
196,Brownhill,100,447.0,2.00,4,2.00,"WHU ",MID,4.9,2
197,Iwobi,100,182.0,1.00,2,1.50,"AVL ",MID,5.9,2
198,Struijk,100,315.0,2.20,3,2.00,"BHA ",DEF,4.0,1
199,Coleman,100,301.0,5.80,2,3.90,"AVL ",DEF,4.8,1
200,Mitrović,100,252.0,2.40,4,0.00,"CHE ",FWD,5.5,1
201,Zinchenko,100,270.0,1.00,3,6.00,"CRY ",DEF,5.5,1
202,Shelvey,100,450.0,2.40,3,2.00,"ARS ",MID,5.3,2
203,Phillips,100,361.0,3.00,2,0.00,"WOL ",MID,5.1,1
204,Milivojevic,100,442.0,4.40,4,2.00,"MCI ",MID,5.6,1
205,Fleck,100,450.0,2.20,4,6.00,"TOT ",MID,5.6,2
206,Ceballos,100,327.0,3.60,2,0.00,"NEW ",MID,4.7,3
207,Kanté,100,209.0,1.20,2,0.00,"FUL ",MID,4.9,1
208,Riedewald,100,389.0,1.60,4,1.00,"MCI ",MID,4.4,1
209,Albrighton,100,194.0,2.40,2,2.00,"SOU ",MID,5.2,1
210,Phillips,100,450.0,2.00,3,0.00,"BHA ",MID,4.9,0
211,Fabinho,100,450.0,2.00,4,1.00,"MUN ",MID,5.4,0
212,Hudson-Odoi,100,450.0,2.00,2,0.00,"FUL ",MID,5.7,0
213,Ward,100,450.0,2.00,4,0.00,"MCI ",DEF,4.3,1
214,Trézéguet,0,187.0,3.60,3,3.30,"EVE ",MID,5.2,0
215,Ziyech,100,199.0,1.80,2,2.00,"FUL ",MID,7.9,3
216,Schlupp,100,99.0,2.20,4,0.00,"MCI ",MID,5.3,1
217,Rodrigo,100,25.0,0.00,3,2.00,"BHA ",FWD,5.7,1
218,Henderson,0,0.0,0.00,4,3.00,"MUN ",MID,5.4,0
219,Gabriel,100,180.0,0.40,2,0.00,"NEW ",DEF,4.9,6
220,Lallana,75,387.0,2.20,3,0.00,"LEE ",MID,6.2,0
221,Robinson,100,280.0,1.20,4,-2.00,"CHE ",DEF,4.4,1
222,Murphy,100,380.0,3.00,3,1.00,"ARS ",MID,4.9,2
223,Redmond,100,224.0,3.60,4,0.00,"LEI ",MID,6.4,2
224,Kilman,100,0.0,0.00,2,0.00,"WBA ",DEF,3.9,1
225,"van Aanholt",100,450.0,1.60,4,0.00,"MCI ",DEF,5.4,0
226,Christensen,100,327.0,3.60,2,0.00,"FUL ",DEF,4.7,8
227,Kovacic,50,172.0,0.60,2,3.00,"FUL ",MID,5.3,0
228,Cooper,0,135.0,0.00,3,2.00,"BHA ",DEF,4.3,0
229,Baldock,100,404.0,1.80,4,0.00,"TOT ",DEF,4.9,0
230,Davies,0,33.0,0.20,2,2.00,"SHU ",DEF,4.5,0
231,Vydra,100,318.0,4.20,4,1.00,"WHU ",FWD,4.8,2
232,Lemina,100,424.0,2.40,4,0.00,"CHE ",MID,4.5,2
233,Laporte,100,225.0,2.80,3,0.00,"CRY ",DEF,6.0,6
234,"Oriol Romeu",0,0.0,0.00,4,0.00,"LEI ",MID,4.5,0
235,"Smith Rowe",100,196.0,1.00,2,6.00,"NEW ",MID,4.2,0
236,Pieters,100,212.0,1.40,4,2.00,"WHU ",DEF,4.3,0
237,Rodriguez,100,43.0,0.80,4,1.00,"WHU ",FWD,5.7,1
238,Hendrick,100,46.0,0.40,3,1.00,"ARS ",MID,4.5,0
239,Benrahma,100,132.0,1.20,2,3.00,"BUR ",MID,5.9,7
240,"Fabio Silva",100,122.0,2.60,2,6.00,"WBA ",FWD,5.2,8
241,Pérez,100,156.0,1.80,2,0.00,"SOU ",MID,6.0,1
242,Barnes,100,156.0,1.80,4,0.00,"WHU ",FWD,6.0,1
243,Alonso,100,156.0,1.80,2,0.00,"FUL ",DEF,5.7,1
244,Tete,75,288.0,1.00,4,2.00,"CHE ",DEF,4.3,0
245,Mendy,100,253.0,4.60,3,0.00,"CRY ",DEF,5.9,12
246,"Ait Nouri",100,359.0,2.80,2,1.00,"WBA ",DEF,5.0,2
247,Willock,0,108.0,4.00,3,3.50,"ARS ",MID,4.7,0
248,Lundstram,100,279.0,1.00,4,1.00,"TOT ",MID,4.9,0
249,Diagne,100,405.0,4.60,2,3.30,"WOL ",FWD,6.0,8
250,Burn,100,93.0,1.40,3,6.00,"LEE ",DEF,4.2,6
251,Gudmundsson,100,331.0,1.60,4,1.00,"WHU ",MID,5.4,0
252,Giroud,100,13.0,0.20,2,2.00,"FUL ",FWD,6.7,0
253,McArthur,0,0.0,0.00,4,2.00,"MCI ",MID,5.2,0
254,Söyüncü,100,270.0,2.80,2,1.00,"SOU ",DEF,5.3,2
255,Fernandinho,100,204.0,1.40,3,6.00,"CRY ",DEF,5.4,6
256,Clark,100,333.0,1.20,3,1.00,"ARS ",DEF,4.5,1
257,Doherty,75,0.0,0.00,2,0.00,"SHU ",DEF,5.6,0
258,Ajayi,100,230.0,0.80,2,6.00,"WOL ",DEF,4.8,2
259,Brady,0,24.0,0.20,4,2.00,"WHU ",MID,5.0,0
260,Jones,100,13.0,0.20,4,1.00,"MUN ",MID,4.4,0
261,Lascelles,0,180.0,0.40,3,1.00,"ARS ",DEF,4.2,0
262,Ampadu,100,307.0,0.20,4,0.00,"TOT ",DEF,4.3,0
263,Norwood,100,412.0,2.20,4,1.00,"TOT ",MID,4.5,2
264,McBurnie,0,94.0,1.20,4,0.00,"TOT ",FWD,5.6,0
265,"André Gomes",100,185.0,1.20,2,1.60,"AVL ",MID,5.3,2
266,Milner,100,325.0,1.60,4,1.00,"MUN ",MID,5.3,0
267,Lewis,100,0.0,0.00,3,1.00,"ARS ",DEF,4.1,0
268,Egan,100,283.0,2.20,4,0.00,"TOT ",DEF,4.7,-1
269,Burke,100,190.0,1.40,4,2.00,"TOT ",MID,4.1,1
270,Djenepo,100,53.0,0.80,4,0.00,"LEI ",MID,5.4,0
271,Sissoko,100,111.0,1.00,2,0.00,"SHU ",MID,4.7,0
272,Jiménez,25,111.0,1.00,2,1.00,"WBA ",FWD,8.1,0
273,"Mac Allister",100,111.0,1.00,3,6.00,"LEE ",MID,5.3,1
274,Matip,0,0.0,0.00,4,0.00,"MUN ",DEF,5.4,0
275,Sánchez,100,180.0,1.40,2,1.00,"SHU ",DEF,5.2,0
276,Masuaku,50,156.0,1.00,2,0.00,"BUR ",DEF,4.3,0
277,Davies,100,329.0,2.60,2,2.30,"AVL ",MID,5.2,0
278,Minamino,100,151.0,1.00,4,1.00,"LEI ",MID,6.0,1
279,Bergwijn,100,31.0,0.40,2,5.00,"SHU ",MID,7.0,4
280,Haller,0,0.0,0.00,2,0.00,"BUR ",FWD,6.1,0
281,"David Luiz",100,90.0,0.20,2,6.00,"NEW ",DEF,5.4,1
282,Batshuayi,100,6.0,1.20,4,1.00,"MCI ",FWD,5.7,0
283,Hayden,0,45.0,0.20,3,0.00,"ARS ",MID,4.6,0
284,Osborn,100,334.0,3.40,4,0.00,"TOT ",MID,4.7,2
285,O'Shea,100,297.0,2.20,2,1.00,"WOL ",DEF,4.2,1
286,Cahill,75,360.0,1.20,4,0.00,"MCI ",DEF,4.5,0
287,Llorente,100,450.0,4.60,3,0.00,"BHA ",DEF,4.4,2
288,Fraser,0,90.0,0.40,3,0.00,"ARS ",MID,5.6,0
289,Sharp,0,90.0,0.40,4,1.00,"TOT ",FWD,5.5,0
290,Balbuena,100,117.0,-0.20,2,0.00,"BUR ",DEF,4.1,0
291,Partey,100,382.0,2.40,2,6.00,"NEW ",MID,4.9,1
292,Mendy,100,7.0,0.20,2,0.00,"SOU ",MID,4.2,0
293,Roberts,100,393.0,2.20,3,1.00,"BHA ",MID,4.6,2
294,Henderson,100,450.0,3.80,4,0.00,"LIV ",GKP,5.2,0
295,James,100,183.0,1.20,4,0.00,"LIV ",MID,6.2,0
296,Fernández,100,270.0,0.80,3,0.00,"ARS ",DEF,4.7,0
297,Basham,25,90.0,0.00,4,1.00,"TOT ",DEF,4.6,0
298,Grant,100,17.0,0.20,2,0.00,"WOL ",FWD,5.6,0
299,Connolly,100,23.0,0.20,3,0.00,"LEE ",FWD,5.2,0
300,Praet,100,63.0,0.40,2,0.00,"SOU ",MID,5.2,0
301,Phillips,25,94.0,1.80,4,1.00,"MUN ",DEF,4.1,0
302,Stevens,100,94.0,1.80,4,1.00,"TOT ",DEF,5.0,0
303,Nketiah,100,94.0,1.80,2,0.00,"NEW ",FWD,5.3,0
304,Koch,100,42.0,0.80,3,0.00,"BHA ",DEF,4.3,1
305,Thiago,100,342.0,2.20,4,3.00,"MUN ",MID,5.5,0
306,Bogle,100,169.0,1.60,4,1.00,"TOT ",DEF,4.3,1
307,Diop,100,450.0,1.80,2,0.00,"BUR ",DEF,4.3,2
308,Lamptey,0,0.0,0.00,3,0.00,"LEE ",DEF,4.6,0
309,Mitchell,100,0.0,0.00,4,0.00,"MCI ",DEF,3.8,1
310,Maja,100,144.0,2.20,4,3.10,"CHE ",FWD,5.2,2
311,"Willian José",100,383.0,3.40,2,2.70,"WBA ",FWD,6.8,0
312,Dann,100,90.0,0.20,4,0.00,"MCI ",DEF,4.2,1
313,Diangana,100,0.0,0.00,2,0.00,"WOL ",MID,5.0,0
314,Elneny,100,106.0,0.80,2,1.00,"NEW ",MID,4.2,11
315,Allan,100,270.0,1.20,2,1.60,"AVL ",MID,5.2,2
316,"Sean Longstaff",100,363.0,2.40,3,0.00,"ARS ",MID,4.6,2
317,Stephens,100,0.0,0.00,4,1.00,"LEI ",DEF,4.6,2
318,Sawyers,100,0.0,0.00,2,2.00,"WOL ",MID,4.6,0
319,Ryan,100,90.0,0.40,2,6.00,"NEW ",GKP,4.1,6
319,Ryan,100,90.0,0.40,2,0.00,"NEW ",GKP,4.1,6
320,"El Mohamady",100,90.0,0.20,3,1.60,"EVE ",DEF,4.3,0
321,Brewster,100,181.0,1.00,4,1.00,"TOT ",FWD,4.3,1
322,Matic,100,1.0,0.20,4,0.00,"LIV ",MID,4.7,0
323,Dubravka,100,450.0,3.00,3,0.00,"ARS ",GKP,4.8,1
324,Alzate,100,0.0,0.00,3,0.00,"LEE ",MID,4.2,0
325,Ritchie,75,360.0,3.20,3,0.00,"ARS ",MID,4.9,2
326,Carroll,100,1.0,0.20,3,2.00,"ARS ",FWD,5.1,0
327,Berge,25,0.0,0.00,2,0.00,"NEW ",MID,4.9,1
328,Cédric,100,45.0,0.00,2,12.00,"NEW ",DEF,4.6,0
329,Marí,100,270.0,1.60,2,0.00,"NEW ",DEF,4.4,0
330,Hause,100,0.0,0.00,3,1.50,"EVE ",DEF,4.4,0
331,Clyne,100,0.0,0.00,4,1.00,"MCI ",DEF,4.5,0
332,Manquillo,100,0.0,0.00,3,1.00,"ARS ",DEF,4.2,0
333,Cairney,0,0.0,0.00,4,0.00,"CHE ",MID,5.2,0
334,Bailly,100,0.0,0.00,4,0.00,"LIV ",DEF,4.8,0
335,Krafth,100,78.0,0.20,3,1.00,"ARS ",DEF,4.2,0
336,Gayle,100,131.0,1.40,3,0.00,"ARS ",FWD,5.9,1
337,Bryan,100,270.0,1.40,4,1.00,"TOT ",DEF,3.9,0
338,"Lo Celso",100,290.0,1.40,2,0.00,"SHU ",MID,6.9,3
339,Fredericks,100,94.0,0.80,2,0.00,"BUR ",DEF,4.2,0
340,Pereira,100,154.0,1.00,2,0.00,"SOU ",DEF,5.9,0
341,Kabak,100,441.0,3.60,4,3.80,"MUN ",DEF,5.0,0
342,Diallo,100,393.0,2.00,4,1.00,"LEI ",MID,4.5,1
343,Rodon,100,360.0,2.40,2,2.00,"SHU ",DEF,5.0,0
344,Lamela,100,75.0,0.80,2,0.00,"SHU ",MID,5.7,1
345,Noble,100,329.0,1.80,2,0.00,"BUR ",MID,4.5,0
346,Olsen,100,180.0,2.60,2,2.30,"AVL ",GKP,4.5,0
347,Shaqiri,100,1.0,0.20,4,2.00,"MUN ",MID,6.4,0
348,Schär,75,0.0,0.00,3,0.00,"ARS ",DEF,4.8,-2
349,Yokuslu,100,450.0,2.40,2,2.20,"WOL ",MID,4.5,2
350,Johnson,100,128.0,0.80,2,0.00,"BUR ",DEF,3.9,0
351,Lanzini,100,24.0,0.40,2,1.00,"BUR ",MID,6.4,2
352,Ødegaard,100,196.0,1.00,2,1.50,"NEW ",MID,5.8,3
353,Arrizabalaga,100,90.0,1.80,2,0.00,"FUL ",GKP,4.7,0
354,Fuchs,100,0.0,0.00,2,0.00,"SOU ",DEF,4.5,0
355,"van de Beek",100,15.0,1.20,4,0.00,"LIV ",MID,6.6,0
356,Livermore,100,1.0,0.20,2,2.00,"WOL ",MID,4.7,0
357,Martinelli,100,210.0,2.60,3,1.00,"EVE ",MID,4.9,6
358,Ramsey,100,81.0,0.80,3,1.90,"EVE ",MID,4.5,1
359,Cork,100,180.0,0.80,4,0.00,"WHU ",MID,5.0,2
360,Telles,100,0.0,0.00,4,0.00,"LIV ",DEF,5.3,0
361,Hernández,100,0.0,0.00,3,1.50,"EVE ",MID,5.7,1
362,Aké,100,0.0,0.00,3,0.00,"CRY ",DEF,5.4,6
363,Hourihane,0,0.0,0.00,3,1.50,"EVE ",MID,5.9,0
364,Nakamba,100,127.0,0.80,3,1.90,"EVE ",MID,4.3,0
365,McCarthy,100,38.0,0.40,4,2.00,"MCI ",MID,4.3,0
366,Amartey,100,135.0,0.00,2,0.00,"SOU ",DEF,3.9,0
367,Mata,100,0.0,0.00,4,0.00,"LIV ",MID,5.8,0
368,Forster,100,360.0,2.40,4,0.00,"LEI ",GKP,4.0,0
369,Ivanovic,0,12.0,0.20,2,0.00,"WOL ",DEF,4.4,0
370,Vitinha,100,57.0,0.60,2,0.00,"WBA ",MID,4.7,2
371,Davis,100,87.0,2.20,3,2.60,"EVE ",FWD,4.2,1
372,Jahanbakhsh,100,29.0,0.60,3,0.00,"LEE ",MID,5.4,1
373,Bernard,100,0.0,0.00,2,1.00,"AVL ",MID,5.7,1
374,Dummett,100,450.0,1.00,3,0.00,"ARS ",DEF,4.4,1
375,Tella,100,229.0,2.00,4,0.00,"LEI ",MID,4.3,1
376,Marçal,25,0.0,0.00,2,0.00,"WBA ",DEF,4.7,0
377,Shackleton,100,1.0,0.20,3,0.00,"BHA ",MID,4.8,0
378,Agüero,100,152.0,1.60,3,0.00,"CRY ",FWD,10.3,8
379,Krovinovic,0,0.0,0.00,2,0.00,"WOL ",MID,4.9,0
380,Chambers,100,352.0,2.80,2,0.00,"NEW ",DEF,4.5,1
381,Ünder,100,0.0,0.00,2,0.00,"SOU ",MID,5.7,0
382,Yarmolenko,100,0.0,0.00,2,1.00,"BUR ",MID,5.5,0
383,Jonny,0,90.0,0.40,2,0.00,"WBA ",DEF,5.4,0
384,Tomkins,100,0.0,0.00,4,0.00,"MCI ",DEF,4.4,0
385,"van Dijk",0,0.0,0.00,4,0.00,"MUN ",DEF,6.2,0
386,Keita,100,23.0,0.20,4,0.00,"MUN ",MID,5.2,0
387,Alli,100,1.0,0.20,4,0.00,"WHU ",MID,7.4,3
388,Long,0,0.0,0.00,4,0.00,"WHU ",DEF,4.3,0
389,Bryan,100,6.0,0.20,4,1.00,"CHE ",DEF,4.5,0
390,Thomas,100,204.0,1.80,2,0.00,"SOU ",DEF,4.1,2
391,Winks,100,70.0,0.60,2,1.00,"SHU ",MID,5.1,1
392,Snodgrass,75,70.0,0.60,2,1.00,"WOL ",MID,5.6,0
393,Robson-Kanu,100,70.0,0.60,2,1.00,"WOL ",FWD,5.2,0
394,Moder,100,330.0,2.20,3,0.00,"LEE ",MID,5.0,1
395,Mateta,100,29.0,0.40,4,2.20,"MCI ",FWD,5.4,1
396,Choudhury,100,0.0,0.00,2,0.00,"SOU ",MID,4.6,0
397,Chamberlain,100,17.0,0.40,4,0.00,"MUN ",MID,6.3,0
398,Yedlin,0,0.0,0.00,3,0.00,"ARS ",DEF,4.3,0
399,"Jack Robinson",0,0.0,0.00,4,0.00,"TOT ",DEF,4.2,0
400,"Carlos Vinicius",100,135.0,1.20,2,1.00,"SHU ",FWD,6.9,0
401,Poveda-Ocampo,100,45.0,0.40,3,1.00,"BHA ",MID,4.2,1
402,Mousset,100,49.0,0.60,4,0.00,"TOT ",FWD,5.8,1
403,Long,0,0.0,0.00,4,1.00,"LEI ",FWD,5.1,0
404,N'Lundulu,100,3.0,0.20,4,1.00,"LEI ",FWD,4.5,1
405,Adrián,100,0.0,0.00,4,0.00,"MUN ",GKP,4.2,0
406,Sanson,0,131.0,0.80,3,1.90,"EVE ",MID,5.5,0
407,Benson,100,0.0,0.00,4,0.00,"WHU ",MID,4.4,0
408,Kelleher,0,0.0,0.00,4,0.00,"MUN ",GKP,4.5,0
409,Gomez,0,0.0,0.00,4,0.00,"MUN ",DEF,5.2,0
410,"Neco Williams",100,0.0,0.00,4,0.00,"MUN ",DEF,3.8,0
411,Origi,0,0.0,0.00,4,1.00,"MUN ",FWD,5.1,0
412,"Matty Longstaff",100,0.0,0.00,3,2.00,"ARS ",MID,4.8,0
413,Hoever,100,1.0,0.20,2,0.00,"WBA ",DEF,4.4,0
414,Pröpper,100,1.0,0.20,3,1.00,"LEE ",MID,4.7,0
415,King,100,30.0,0.40,2,1.20,"AVL ",FWD,5.1,1
416,Lowe,100,0.0,0.00,4,0.00,"TOT ",DEF,4.2,0
417,Dunne,100,0.0,0.00,4,0.00,"WHU ",DEF,3.8,0
418,Stephens,100,0.0,0.00,4,0.00,"WHU ",MID,4.2,0
419,Kamara,0,0.0,0.00,4,1.00,"CHE ",MID,4.8,0
420,Salisu,100,101.0,0.40,4,0.00,"LEI ",DEF,4.3,2
421,Tanganga,100,0.0,0.00,2,0.00,"SHU ",DEF,4.9,0
422,Grosicki,100,0.0,0.00,2,0.00,"WOL ",MID,5.2,0
423,Emerson,100,0.0,0.00,2,0.00,"FUL ",DEF,4.7,0
424,Ream,100,0.0,0.00,4,0.00,"CHE ",DEF,4.2,0
425,Onomah,100,24.0,0.40,4,1.00,"CHE ",MID,4.6,1
426,Randolph,100,0.0,0.00,2,0.00,"BUR ",GKP,4.3,0
427,Gibbs-White,100,43.0,0.60,2,1.00,"WBA ",MID,4.9,1
428,Otasowie,100,0.0,0.00,2,0.00,"WBA ",MID,4.5,2
429,Zeqiri,100,9.0,0.40,3,0.00,"LEE ",FWD,5.0,0
430,Delph,100,24.0,0.00,2,1.00,"AVL ",MID,4.8,1
431,Kebano,0,0.0,0.00,4,0.00,"CHE ",MID,4.7,0
432,"Rhys Williams",100,6.0,0.20,4,0.00,"MUN ",DEF,4.0,0
433,Hegazi,25,0.0,0.00,2,0.00,"WOL ",DEF,4.1,0
434,Bernardo,0,0.0,0.00,3,0.00,"LEE ",DEF,3.9,0
435,Kenny,0,0.0,0.00,2,1.00,"AVL ",DEF,4.3,0
436,Smallbone,0,0.0,0.00,4,2.00,"LEI ",MID,4.3,0
437,Gibbs,100,0.0,0.00,2,1.00,"WOL ",DEF,4.3,0
438,Edwards,100,0.0,0.00,2,0.00,"WOL ",MID,4.7,0
439,Austin,0,0.0,0.00,2,0.00,"WOL ",FWD,5.1,0
440,Sakho,25,0.0,0.00,4,0.00,"MCI ",DEF,4.4,0
441,Tosun,0,0.0,0.00,2,1.00,"AVL ",FWD,6.0,0
442,Garcia,100,15.0,0.20,3,0.00,"CRY ",DEF,4.7,0
443,Jagielka,100,90.0,-0.20,4,0.00,"TOT ",DEF,3.9,0
444,Mustafi,0,0.0,0.00,2,0.00,"NEW ",DEF,5.0,0
445,Tau,75,0.0,0.00,3,1.00,"LEE ",MID,4.9,0
446,Peacock-Farrell,100,180.0,0.60,4,0.00,"WHU ",GKP,4.0,0
447,Mumbongo,100,1.0,0.20,4,0.00,"WHU ",FWD,4.5,0
448,Gordon,0,0.0,0.00,2,1.00,"AVL ",MID,4.3,0
449,Morgan,25,0.0,0.00,2,0.00,"SOU ",DEF,4.4,0
450,Tavares,100,0.0,0.00,2,1.00,"SOU ",MID,4.4,0
451,O'Connell,0,0.0,0.00,4,0.00,"TOT ",DEF,4.7,0
452,Valery,0,0.0,0.00,4,0.00,"LEI ",DEF,4.7,0
453,Field,0,0.0,0.00,2,0.00,"WOL ",MID,4.8,0
454,Kolasinac,0,0.0,0.00,2,0.00,"NEW ",DEF,4.8,0
455,Nelson,100,0.0,0.00,2,0.00,"NEW ",MID,5.1,0
456,Bardsley,100,0.0,0.00,4,0.00,"WHU ",DEF,4.4,0
457,Richardson,100,1.0,0.20,4,0.00,"WHU ",FWD,4.5,0
458,Gilmour,100,0.0,0.00,2,0.00,"FUL ",MID,4.3,3
459,Virgínia,100,47.0,0.40,2,1.20,"AVL ",GKP,4.3,0
460,Kean,0,0.0,0.00,2,1.00,"AVL ",FWD,5.7,0
461,Kongolo,0,90.0,0.40,4,0.00,"CHE ",DEF,4.3,0
462,Casilla,100,0.0,0.00,3,2.00,"BHA ",GKP,4.2,0
463,Davis,100,0.0,0.00,3,0.00,"BHA ",DEF,3.8,0
464,Steffen,100,0.0,0.00,3,0.00,"CRY ",GKP,4.4,0
465,Tuanzebe,100,0.0,0.00,4,0.00,"LIV ",DEF,4.1,0
466,Williams,100,0.0,0.00,4,0.00,"LIV ",DEF,4.2,0
467,Watts,100,0.0,0.00,4,0.00,"LEI ",MID,4.5,0
468,Button,100,0.0,0.00,2,2.00,"WOL ",GKP,3.9,0
469,Peltier,100,0.0,0.00,2,0.00,"WOL ",DEF,3.9,0
470,Harper,0,0.0,0.00,2,0.00,"WOL ",MID,4.3,0
471,"Felipe Anderson",0,0.0,0.00,2,0.00,"BUR ",MID,6.1,0
472,Cutrone,0,0.0,0.00,2,1.00,"WBA ",FWD,5.9,0
473,Rúnarsson,100,0.0,0.00,2,0.00,"NEW ",GKP,4.4,0
474,Wesley,100,1.0,0.20,3,1.60,"EVE ",FWD,6.0,0
475,Izquierdo,100,8.0,0.20,3,0.00,"LEE ",MID,5.5,0
476,Molumby,0,0.0,0.00,3,0.00,"LEE ",MID,4.5,0
477,Khadra,100,0.0,0.00,2,1.00,"FUL ",MID,4.5,0
478,Caballero,100,0.0,0.00,2,0.00,"FUL ",GKP,4.6,0
479,Nkounkou,100,0.0,0.00,2,1.00,"AVL ",DEF,4.0,0
480,Gbamin,0,11.0,0.20,2,1.10,"AVL ",MID,5.0,0
481,Broadhead,0,0.0,0.00,2,0.00,"AVL ",MID,4.5,0
482,Rodák,0,0.0,0.00,4,0.00,"CHE ",GKP,4.3,0
483,"Le Marchand",0,0.0,0.00,4,0.00,"CHE ",DEF,4.1,0
484,Odoi,100,0.0,0.00,4,0.00,"CHE ",DEF,4.2,0
485,Gray,0,0.0,0.00,2,0.00,"SOU ",MID,5.1,0
486,Leshabela,100,9.0,0.20,2,1.10,"SOU ",MID,4.4,0
487,Slimani,0,0.0,0.00,2,0.00,"SOU ",FWD,4.9,0
488,Huggins,100,0.0,0.00,3,0.00,"BHA ",FWD,4.5,0
489,Tsimikas,100,0.0,0.00,4,0.00,"MUN ",DEF,4.9,0
490,Delap,100,0.0,0.00,3,0.00,"CRY ",FWD,4.3,0
491,Shoretire,100,0.0,0.00,4,2.00,"LIV ",MID,4.4,0
492,Ighalo,0,0.0,0.00,4,0.00,"LIV ",FWD,6.1,0
493,Anderson,100,0.0,0.00,3,1.00,"ARS ",MID,4.5,0
494,Ndiaye,100,11.0,0.20,4,2.10,"TOT ",MID,4.5,0
495,Hackford,100,0.0,0.00,4,0.00,"TOT ",FWD,4.4,0
496,Vokins,0,0.0,0.00,4,0.00,"LEI ",DEF,3.9,0
497,Obafemi,25,0.0,0.00,4,0.00,"LEI ",FWD,4.6,0
498,Scarlett,100,0.0,0.00,2,1.00,"SHU ",FWD,4.5,0
499,Ruddy,100,1.0,0.20,2,0.00,"WBA ",GKP,4.3,0
500,Buur,0,0.0,0.00,2,0.00,"WBA ",DEF,3.9,0
501,Vinagre,0,0.0,0.00,2,0.00,"WBA ",DEF,4.1,0
502,Macey,0,0.0,0.00,2,0.00,"NEW ",GKP,4.0,0
503,Sokratis,0,0.0,0.00,2,0.00,"NEW ",DEF,4.8,0
504,Saliba,0,0.0,0.00,2,0.00,"NEW ",DEF,4.0,0
505,Özil,25,0.0,0.00,2,0.00,"NEW ",MID,6.7,0
506,Torreira,0,0.0,0.00,2,0.00,"NEW ",MID,4.7,0
507,Guendouzi,0,0.0,0.00,2,0.00,"NEW ",MID,4.7,0
508,Azeez,100,0.0,0.00,2,1.00,"NEW ",MID,4.5,0
509,Heaton,100,0.0,0.00,3,1.50,"EVE ",GKP,4.5,0
510,Steer,100,0.0,0.00,3,1.50,"EVE ",GKP,3.9,0
511,Nyland,0,0.0,0.00,3,1.50,"EVE ",GKP,4.0,0
512,Engels,100,0.0,0.00,3,1.50,"EVE ",DEF,4.4,0
513,Bree,0,0.0,0.00,3,1.50,"EVE ",DEF,4.5,0
514,Guilbert,0,0.0,0.00,3,1.50,"EVE ",DEF,4.3,0
515,Lansbury,25,0.0,0.00,3,1.50,"EVE ",MID,4.3,0
516,Jota,0,0.0,0.00,3,1.50,"EVE ",MID,5.9,0
517,Hayden,100,0.0,0.00,3,1.50,"EVE ",MID,4.5,0
518,Chukwuemeka,100,0.0,0.00,3,1.50,"EVE ",MID,4.5,0
519,Philogene-Bidace,100,0.0,0.00,3,1.50,"EVE ",MID,4.4,0
520,Samatta,25,0.0,0.00,3,1.50,"EVE ",FWD,5.9,0
521,Vassilev,0,0.0,0.00,3,1.50,"EVE ",FWD,4.3,0
522,Walton,100,0.0,0.00,3,0.00,"LEE ",GKP,4.0,0
523,Steele,100,0.0,0.00,3,0.00,"LEE ",GKP,3.9,0
524,McGill,100,0.0,0.00,3,1.50,"LEE ",GKP,3.9,0
525,Duffy,0,0.0,0.00,3,0.00,"LEE ",DEF,4.3,0
526,Montoya,25,0.0,0.00,3,0.00,"LEE ",DEF,4.5,0
527,Clarke,0,0.0,0.00,3,0.00,"LEE ",DEF,4.4,0
528,Karbownik,100,0.0,0.00,3,1.50,"LEE ",DEF,4.5,0
529,Mooy,0,0.0,0.00,3,0.00,"LEE ",MID,5.0,0
530,Jenks,100,0.0,0.00,3,0.00,"LEE ",MID,4.5,0
531,Sanders,0,0.0,0.00,3,0.00,"LEE ",MID,4.5,0
532,Weir,100,0.0,0.00,3,0.00,"LEE ",MID,4.5,0
533,Caicedo,100,0.0,0.00,3,1.50,"LEE ",MID,5.0,0
534,Murray,0,0.0,0.00,3,0.00,"LEE ",FWD,4.8,0
535,Andone,25,0.0,0.00,3,0.00,"LEE ",FWD,4.8,0
536,Norris,100,0.0,0.00,4,0.00,"WHU ",GKP,4.0,0
537,Gibson,0,0.0,0.00,4,0.00,"WHU ",DEF,3.9,0
538,Thomas,0,0.0,0.00,4,0.00,"WHU ",DEF,3.9,0
539,Driscoll-Glennon,100,0.0,0.00,4,0.00,"WHU ",DEF,3.9,0
540,Nartey,100,0.0,0.00,4,2.00,"WHU ",DEF,4.0,0
